Player,Total Score
195,28654
1,17256
414,8440
458,60299
474,36085
510,37852
533,50415
536,9398
822,26080
890,22896
907,15196
1126,15801
1184,20019
1269,38508
1344,14620
1762,27820
1779,17396
1835,41919
1860,20351
1951,25836
1997,17088
2055,14732
2083,50155
2206,51207
2308,14021
2357,17079
2424,11696
2494,24460
2713,52262
2839,19212
2893,14432
3141,25944
3145,18372
3164,12533
3230,25072
3256,42955
3315,19656
3341,41272
3435,6670
3484,17064
3485,9887
3499,20550
3533,33212
3613,1344
3678,11283
3761,21660
4268,20442
4323,24072
4485,92094
4587,10440
4970,13227
5008,27212
5130,1359
5320,15220
5454,17026
5536,15554
5650,12858
5689,30819
5766,24813
5824,5706
5884,14176
5929,28113
5939,15402
6074,15371
6150,13134
6170,44360
6232,16790
6250,27428
454,604
2,1635
1246,4836
2540,36789
3044,30260
3355,1127
3605,1433
4743,22935
5420,18150
51,15076
3,11737
400,39607
598,18288
602,34421
609,28734
866,55232
869,2700
876,14714
906,73900
910,37678
1006,92708
1190,14053
1426,12843
1522,22773
1805,13248
1992,36780
2046,11388
2122,10467
2211,14600
2321,87790
2515,7953
2606,13707
2752,12196
2863,4106
2870,6571
2917,6712
3072,17940
3217,58512
3281,2265
3438,13297
3476,11433
3768,33452
4041,17629
4115,14184
4158,23358
4292,14860
4580,3153
4809,9993
5045,13948
5061,32531
5354,21765
5434,9938
5475,11888
5481,23041
5562,14733
5742,17897
5823,900
5841,11324
6171,16146
6213,9691
38,24984
4,13020
57,42800
117,6548
293,13002
583,29364
708,22944
714,29775
809,5874
873,17060
966,16464
986,8788
1154,10286
1157,18816
1315,24541
1427,20276
1562,27649
1598,29746
1806,15945
1916,23913
1920,19437
2142,10239
2178,24124
2361,21951
2381,47480
2637,102569
2812,26559
2865,18973
2886,87192
3077,8385
3207,11707
3265,13220
3344,13515
3504,33984
3506,22334
3542,20797
3553,31622
3628,11130
3692,33733
3821,61632
3872,11696
3882,48296
3914,9580
4272,37980
4421,23468
4463,30168
4468,35928
4496,21197
4512,18996
4582,33490
4756,17984
4882,39232
4984,41064
5019,16974
5166,10341
5410,4848
5442,13281
5472,20955
5543,64792
5658,21528
5664,24656
5705,16125
5746,37512
5857,14598
5868,10180
5921,16953
5930,11296
5966,60348
6093,6439
10,27373
5,28088
68,10569
120,16426
150,20323
285,11449
315,24765
342,10881
392,14164
417,29684
419,36992
499,41852
500,11913
1012,13293
1023,30796
1048,22968
1139,15683
1151,17859
1176,35230
1197,5938
1230,35200
1245,34319
1249,65288
1262,2481
1435,26368
1531,39177
1641,65727
1668,30858
1708,39618
1720,27039
1742,31700
1744,21706
1757,37602
1813,39678
1848,17829
1878,21378
1905,20344
1913,23305
1950,39158
1954,48288
2043,25146
2090,39873
2108,2942
2230,6858
2257,15145
2380,24664
2463,24006
2561,31332
2669,14612
2681,47188
2819,19904
2871,33842
2950,23312
3006,11568
3052,53256
3110,35432
3136,10689
3163,44952
3184,6903
3350,24429
3473,59456
3579,23763
3604,16980
3683,19850
3693,37836
3805,7032
3825,15923
3838,39224
3854,21186
3890,28008
3891,9860
3900,30792
3927,36229
3933,26952
4048,21840
4117,25896
4126,39484
4145,13910
4203,24936
4224,33453
4452,41811
4593,25772
4628,43681
4651,5270
4673,7627
4696,28836
4771,10004
4889,25028
4895,17729
4901,10290
4994,63641
5064,10748
5087,39676
5099,40368
5114,16797
5117,28038
5179,26961
5356,31452
5387,19570
5601,11283
5668,27128
5694,23679
5737,15133
5757,32408
5773,14994
5912,14145
5974,30800
5998,8060
6031,8967
6060,25806
6077,35763
6079,15175
6121,17992
6129,35300
6142,53824
6144,16979
6254,15024
6297,33288
6303,24564
6346,3984
6357,38930
6379,64664
60,31208
6,14535
115,23728
181,73460
279,3229
634,21949
703,25031
928,36928
1081,2975
1113,9114
1118,6057
1256,32211
1325,17327
1394,40994
1687,20284
1689,20857
1698,39580
1726,17547
1986,10094
2014,7647
2021,22692
2075,9298
2168,19269
2173,2608
2213,11238
2248,30050
2312,28487
2340,21888
2453,28734
2678,20804
2737,14250
2770,13031
2774,8316
2793,30120
2811,10911
2980,29469
3011,31371
3034,44135
3396,31345
3455,15396
3618,25848
3711,54080
3749,9110
3875,22123
3996,52544
4104,23672
4196,3191
4211,7950
4239,16284
4490,13644
4511,23355
4715,44458
4827,24890
4937,29796
5073,18033
5262,9496
5272,25986
5384,16560
5540,34474
5627,39400
6015,32661
6020,30888
6046,40508
6101,19371
6321,33560
6322,15606
25,18268
7,88472
29,10434
47,14048
58,38568
65,11007
129,4288
152,22836
153,11992
157,21572
175,89399
191,13125
219,33388
224,176001
233,32864
291,6485
292,9208
372,40227
373,34640
395,29776
441,35517
449,17720
468,26979
472,14092
497,13503
529,5973
564,30222
566,40308
585,36676
591,11384
600,41257
625,19636
636,25731
668,32772
681,20828
683,28203
731,5661
732,11412
764,36246
766,9668
798,33872
812,17760
824,27928
843,14281
879,31642
889,7944
893,4956
947,6225
1034,6789
1036,9328
1065,131452
1073,18844
1078,28439
1083,34596
1182,58864
1232,25517
1306,33193
1328,32399
1391,2970
1481,31150
1514,38688
1517,29194
1532,21144
1536,21762
1548,53155
1576,15768
1603,4777
1651,34044
1654,21498
1656,9885
1701,22762
1729,6908
1750,24856
1783,12440
1788,33960
1801,11934
1888,15933
1897,33380
1898,18091
1918,1350
1933,30873
1962,26604
1965,26949
1984,17110
1985,66487
1993,38589
1995,8460
2036,39321
2041,59138
2076,12758
2078,21949
2089,35462
2092,7744
2109,16292
2113,27855
2130,30294
2141,8700
2143,25007
2165,62515
2194,36513
2204,19418
2314,3567
2359,44157
2360,37307
2368,12524
2377,25428
2389,1647
2392,28198
2417,7035
2418,16862
2421,62227
2440,39252
2442,106680
2449,19094
2457,8703
2466,11364
2470,48237
2498,22296
2503,39347
2511,29099
2517,3464
2541,13444
2565,5984
2573,43098
2577,10732
2580,2173
2591,13353
2602,60798
2624,17827
2636,831
2658,5207
2662,12000
2684,27019
2689,7746
2723,15476
2749,14670
2751,23492
2779,24969
2813,15748
2889,5793
2890,8821
2905,10324
2942,53320
2985,39982
2993,13087
3032,61776
3036,2100
3045,11177
3082,19496
3096,12752
3107,3011
3115,16580
3151,20379
3176,41092
3200,51362
3221,9405
3248,17697
3271,82712
3274,39852
3296,27408
3308,11966
3327,36099
3330,37086
3332,29513
3347,19602
3371,10408
3375,56981
3384,2488
3402,36938
3417,17662
3431,19698
3458,8073
3502,1695
3509,6184
3521,55386
3546,3750
3548,44276
3561,51357
3565,34180
3598,12031
3621,40296
3622,24780
3631,1098
3651,34530
3684,13972
3695,25268
3698,31888
3705,712
3709,40384
3737,47944
3784,22724
3785,12535
3794,3780
3826,30593
3874,16760
3908,10914
3909,44415
3946,28106
3958,6033
3959,15156
3987,35872
3988,498
3991,28248
3998,24423
4011,11228
4034,28975
4045,7461
4046,148020
4047,23492
4053,8367
4083,5262
4090,29192
4098,16769
4129,30398
4143,54156
4201,21496
4206,37395
4214,29363
4242,2901
4248,41904
4254,71906
4307,33135
4328,31314
4336,13716
4337,23581
4361,14361
4382,9894
4414,20520
4425,48235
4443,43340
4448,49485
4456,35325
4482,7322
4483,73484
4500,18308
4543,71088
4551,25592
4556,27351
4575,12012
4605,9188
4613,42251
4687,14068
4714,17516
4718,11026
4720,2784
4749,12743
4754,17988
4755,55124
4774,16598
4804,43332
4843,10294
4883,32530
4920,25488
4960,106114
4964,10949
5001,52935
5003,40671
5094,25836
5110,36635
5128,26120
5144,7189
5158,12960
5160,21773
5163,18557
5182,13158
5187,35132
5208,18312
5217,2544
5232,97182
5248,20192
5270,4336
5298,20634
5300,39040
5311,17778
5323,12702
5385,8478
5391,8824
5396,39044
5412,6627
5425,28692
5443,12894
5448,26751
5461,22316
5465,24479
5468,29332
5529,33825
5534,10700
5546,4620
5563,44173
5572,4067
5581,11913
5583,9357
5623,6039
5647,3367
5672,2400
5695,12384
5722,18727
5724,32337
5728,47526
5744,29259
5767,39822
5788,10532
5789,26479
5792,5274
5822,3630
5845,29792
5880,50592
5936,17559
5955,16062
5981,8468
5984,10347
5987,32078
5989,51585
5993,13695
6003,27384
6057,10548
6087,8121
6102,16580
6139,29514
6164,10185
6215,13203
6217,24507
6231,8157
6239,23772
6262,31095
6269,41680
6280,9004
6289,2531
6317,6737
6320,21836
6339,26975
6350,23935
6351,9892
240,7953
8,2360
2051,9151
4389,7540
5267,22920
5467,8999
5661,13527
6310,6102
209,15224
9,4782
493,55068
1136,13863
1549,19135
1695,9770
2205,7569
3049,13035
3351,9788
4887,26133
5120,10677
5456,7451
19,30413
128,17316
151,28072
251,7335
288,5180
627,30374
713,5316
748,6102
754,3860
788,6204
887,29288
991,56022
1100,13809
1148,8774
1174,66540
1175,5951
1355,37719
1599,19023
1759,14614
1766,25752
1863,12048
1887,3702
2107,38910
2129,1491
2179,31128
2185,4191
2297,42870
2333,32744
2402,11771
2443,25500
2522,21904
2559,8348
2613,14800
2686,7686
2756,10308
2804,38920
2904,14776
3048,91955
3160,49300
3231,32736
3282,41346
3291,13883
3551,35319
3572,14483
3751,23370
4091,8864
4666,9733
4683,14668
4726,48540
4790,17516
4844,12630
4875,4869
4918,31625
5065,40305
5102,7023
5251,5463
5450,23747
5871,23396
5957,27172
6081,8068
6128,11298
6161,6843
6276,24945
6333,37352
11,17304
95,16113
119,27115
170,30273
218,36088
243,27190
326,4626
388,36829
451,26471
587,22443
676,13309
805,34282
899,22420
937,48198
980,23223
1108,42284
1145,54350
1150,14737
1168,34298
1171,9027
1360,9114
1443,33027
1493,35840
1602,17202
1807,78892
1826,34413
1832,15644
1942,30882
1958,40128
1960,32002
2003,23543
2016,39931
2032,22020
2117,34962
2232,10451
2416,42483
2502,24108
2763,29425
2769,11668
2982,12070
2991,8782
3013,26812
3039,20160
3063,18460
3146,24453
3345,42868
3365,64367
3386,39710
3441,23392
3445,31272
3655,33526
3656,20823
3729,10285
3856,31995
3894,45288
4180,31733
4186,21013
4369,43621
4383,14532
4460,40309
4509,48876
4611,46400
4647,21310
4867,27489
5066,4059
5074,25288
5190,42198
5192,39378
5249,54445
5393,14850
5402,11339
5480,15981
5591,52665
5599,22060
5639,7671
5806,20068
5982,29994
5994,32251
6054,17448
6233,26360
6266,32971
21,7891
12,7714
131,8411
271,25920
347,2845
412,9980
689,30360
900,25679
1626,8396
1802,71099
1842,20019
2721,17187
2906,9477
2978,12220
3434,17488
3760,43927
4399,38590
4965,14126
5386,17983
5428,15154
5609,12200
6000,5643
6281,25947
75,25813
13,21689
208,29850
298,52568
330,30423
332,19967
426,51368
525,45103
604,7233
640,55320
667,33499
848,19208
962,33500
979,44288
1027,20136
1229,44246
1462,50776
1506,61944
1620,43064
1785,34530
1901,37884
1929,27476
1944,1616
2198,27642
2320,15711
2500,18258
2578,11544
2589,15352
2690,21732
2795,21697
2899,29838
3075,33876
3098,34222
3196,59348
3280,30852
3361,19878
3430,39550
3452,33816
3456,9708
3510,49584
3580,6921
3609,30964
3766,13491
3846,52336
3896,36464
4031,24549
4079,25719
4120,33348
4191,14977
4345,27795
4370,40223
4569,28984
4761,33092
4788,35772
4914,33126
5068,48852
5078,59655
5132,58064
5154,13566
5318,34600
5358,31038
5361,31396
5397,30198
5437,25068
5663,54966
5691,18979
5692,23639
5703,7134
5833,42720
5907,23844
6050,20468
6173,30728
6185,55908
6227,53636
6264,47944
6356,24220
46,9354
14,16425
382,13073
495,11640
737,15246
741,4177
780,7941
935,23511
1046,23338
1192,9252
1284,25229
1299,6852
1374,36096
1431,26043
1483,26792
1501,37965
1552,52870
1621,8805
1660,22908
1714,7083
1816,17965
1845,29760
2033,9326
2151,14853
2196,24103
2233,25030
2326,14085
2348,18397
2550,19093
2643,23236
2673,6438
2717,4949
2745,28843
2836,18324
2929,64689
2941,48071
3149,1362
3213,23812
3267,4788
3359,14379
3374,10963
3451,17993
3625,7036
3699,67648
3720,28568
3852,16648
3888,29496
3889,14043
3931,40011
3945,49556
3969,3963
4071,24972
4138,22984
4346,23769
4589,11532
4664,23364
4729,18144
4737,12341
4936,5372
4963,17108
4981,12951
5013,18115
5373,21792
5378,6227
5474,25070
5613,19992
5666,22407
5676,12405
5802,49179
5873,20219
148,24658
15,9273
217,14939
348,20340
366,7867
430,6249
684,22199
786,13605
857,4952
989,17331
1110,10896
1241,12042
1312,20741
1503,23940
1875,9444
1924,7874
2158,24261
2187,38034
2620,20277
2631,26109
2708,8772
2973,25068
3106,7539
3289,20147
3702,17412
3978,15269
4013,47484
4092,12280
4200,8459
4372,20266
4812,29012
5408,8388
5715,24088
5758,2972
5941,6602
54,16436
16,7503
470,12636
858,8964
919,9892
1002,10372
1152,36080
1337,34728
1398,6836
1706,10590
1906,41076
1966,23028
2724,13409
2796,8232
3057,9028
3118,16796
3313,10502
3475,10112
3558,28848
3573,8964
3667,8883
4022,21573
4148,12813
4260,34047
4329,14209
4640,12723
4725,9825
4782,38485
4921,9858
5092,31848
5093,18360
5401,2559
5682,32708
5890,19333
6019,33868
6080,52873
6210,27078
6319,72651
6385,7840
1243,7613
17,3942
1418,23814
1871,3894
2069,6660
2086,8975
2710,3058
2722,5810
2775,3798
3170,4000
4262,3840
4779,5094
5395,1910
5433,4878
5439,32182
5622,6528
5931,7151
5985,5591
445,6904
18,509
4838,8899
43,27328
122,23940
164,5628
241,8184
296,5691
355,9927
389,28366
390,39990
428,7779
432,27140
698,9126
719,29668
734,5359
806,9416
863,16460
903,18960
931,25287
1084,18860
1127,42463
1203,8360
1205,24122
1279,9709
1457,51654
1569,2675
1584,15580
1669,6536
1763,33934
1818,23618
1885,31900
1937,25816
2007,52420
2391,38439
2401,50859
2477,3516
2480,49869
2599,13616
2665,35985
2706,16718
2729,9076
2750,26728
3113,11960
3157,44592
3165,16230
3178,26408
3436,13434
3463,9204
3494,29083
3513,37493
3661,7422
3869,9230
3940,5931
4168,3303
4179,3588
4228,12671
4244,16252
4273,52062
4280,21986
4362,11772
4388,32368
4411,11628
4413,24730
4459,24033
4514,31946
4629,15800
4780,91034
4907,26106
4923,26796
4977,19667
5017,753
5048,44359
5105,9038
5193,16742
5223,15090
5352,11079
5510,74629
5554,97184
5597,6336
5598,36172
5608,11812
5751,19485
5856,23972
5865,4818
5895,21542
5904,6947
5910,16002
6025,31880
6072,10956
6177,8038
107,19218
20,5694
486,9625
1013,19932
1561,15096
2267,10470
2590,16536
2704,31827
2791,6414
2897,21432
2909,14184
3314,66071
3432,16842
3555,8871
3778,15759
3823,31783
4166,12758
4316,10384
4693,12268
4888,8691
5629,34404
5761,3615
5846,24192
212,24176
603,30225
978,14684
1272,12889
1404,8571
2170,15273
2390,9648
2462,36290
2552,12196
2943,34809
3552,25673
3787,13515
4024,23830
4068,2400
4384,26451
4385,68865
4455,5864
4642,11634
4821,14508
5153,9753
6021,31175
6140,65361
22,16796
132,9857
194,35359
283,19328
324,51843
335,10923
399,40440
645,23445
710,22092
730,27802
969,59909
1053,13704
1074,7676
1149,31191
1343,22359
1354,27465
1463,22156
1540,37169
1672,15971
1677,53713
1694,44991
1864,17173
1899,43358
1928,48810
2009,31317
2412,17452
2644,78219
2671,26336
2856,15229
3114,7324
3192,64228
3381,1365
3682,42372
3834,19248
3956,43747
4141,88508
4415,6438
4572,34034
4617,16979
4669,28845
4822,40048
5037,40543
5116,22146
5247,27517
5548,31560
5679,42180
5706,35978
5741,37768
5820,12872
6098,21607
6114,53936
6130,22327
6155,10587
6178,30342
6218,22254
6284,7788
23,57715
156,22852
176,30882
197,38025
215,18740
231,18247
272,33816
318,42700
322,9610
370,41316
384,9536
431,29175
444,26164
528,20961
549,42008
570,11940
599,29511
618,6072
633,19251
693,34995
752,25705
755,19068
807,24852
841,37978
867,32128
870,29623
891,28620
896,24616
946,14778
1007,10096
1102,25632
1177,43272
1198,28284
1218,12661
1274,49088
1283,20732
1302,8335
1303,42772
1364,15692
1369,24567
1448,23149
1537,9588
1560,15552
1678,4779
1711,33388
1722,21494
1724,2403
1738,12476
1752,21450
1867,42044
1909,12117
2139,6867
2229,19416
2231,93860
2276,26064
2306,27287
2331,39326
2353,24404
2407,24521
2471,25848
2571,6708
2611,22456
2621,20307
2682,5324
2782,71793
2794,34404
2802,20192
2883,16362
2908,13980
2928,29589
2934,35820
2959,27687
2963,22006
2971,29120
2986,7692
3003,13152
3015,7515
3109,28084
3119,20595
3190,16833
3224,34714
3239,10482
3373,38041
3635,28017
3681,5000
3700,33565
3750,38364
3758,34054
3762,14498
3788,28233
3789,36992
3803,50652
3842,7746
3885,52478
3911,41575
3943,9630
3983,10369
3990,46238
4000,41349
4038,24426
4177,15150
4195,28754
4217,24429
4245,27285
4265,28152
4335,40124
4350,13293
4354,31328
4357,16840
4391,19281
4466,26772
4469,60858
4525,25718
4531,29725
4540,16530
4625,24906
4649,15128
4679,33648
4684,12659
4700,26241
4708,46436
4710,35161
4733,7317
4798,20324
4916,23364
4938,11418
4944,17916
5030,54752
5055,30031
5127,13172
5171,21660
5173,8334
5199,61372
5314,33390
5327,24825
5334,7920
5430,23617
5514,12333
5530,18330
5577,3456
5712,27507
5726,48985
5734,15865
5800,15717
5855,25758
5879,26684
5968,10152
6013,11321
6038,8071
6053,41880
6075,21974
6094,28135
6132,28832
6199,23584
6221,10520
6229,17627
6241,62838
6242,30606
6270,19748
6300,22324
6313,23950
6331,20472
6347,30714
567,21000
24,9072
934,10036
1307,44613
1890,14034
1896,17376
2263,23524
2409,21512
2711,18928
2976,57132
3083,42818
3669,13504
3873,29792
4043,30864
4094,26179
4322,17981
4344,34314
4677,4812
4765,19316
5026,27706
5069,13509
5141,17308
5197,40547
5237,12066
5245,15284
5775,34584
5983,12012
6223,19515
277,35550
300,19725
440,7485
581,20677
720,300
901,5859
1000,11688
1271,19167
1378,53136
1395,16301
1796,23704
1797,13440
2148,2924
2272,42748
2354,17955
2647,17342
2698,5844
2734,3716
2820,20528
3264,12633
3515,34116
3601,19047
3611,8816
3806,9446
3822,19555
3878,21216
3937,34220
4008,26360
4123,24546
4470,24563
4478,47336
4544,999
4656,27004
4751,21411
5025,6027
5049,12764
5198,49707
5336,32324
5525,17763
5542,23089
5685,27312
5713,36918
5901,27048
6108,13624
173,22933
26,6565
1498,17628
1542,36952
1606,12561
1987,9599
2473,23959
2646,19186
2911,13557
2983,14920
2988,11955
3306,13605
4114,6429
4144,12256
4670,14286
4995,23776
5466,18505
6027,51776
227,15520
27,27096
280,23284
314,44636
369,47564
438,33067
524,18348
573,18720
642,22672
756,36783
830,34398
855,37961
930,24228
965,34605
1001,23142
1003,29555
1041,34018
1130,27905
1281,27933
1294,21528
1322,8458
1383,10792
1409,22893
1555,18567
1597,7081
1681,32064
1746,31483
1773,21904
1794,35075
1824,27407
1839,38671
2091,8159
2099,45271
2238,39368
2260,31442
2286,35055
2287,24850
2347,22188
2379,13028
2484,33463
2536,2408
2562,17785
2648,12620
2818,30647
2857,19729
2862,33879
2868,16241
2974,14147
3016,23478
3161,2964
3168,13206
3177,20619
3370,22395
3489,21291
3583,21643
3640,8370
3818,27434
3957,33815
3962,10420
3999,49940
4025,14059
4238,30129
4275,13362
4757,37157
4861,13975
4878,11832
4910,11049
5000,37775
5040,36652
5089,22725
5129,11934
5131,35226
5204,27556
5257,12894
5463,7667
5479,2409
5519,16932
5528,22710
5557,30864
5753,43283
5866,28808
5905,48030
5908,28518
6029,22799
6076,35096
6222,11894
6225,21219
6340,33920
28,3968
471,5416
531,18950
1507,6018
1596,11055
1642,15284
2299,6602
2798,34276
2891,30416
3205,3111
3276,3156
3985,3706
5112,7312
5157,8108
5227,27329
5790,1482
40,62637
49,15396
84,40504
159,35028
409,14113
423,22428
1468,41422
1741,26232
2111,19638
2157,64344
3229,50062
3237,13277
3501,30468
3545,21234
3744,18695
3802,7076
4118,17246
4194,30864
4295,34821
4301,16030
4699,10229
4931,42497
4980,47607
6067,25207
30,2674
2047,74898
2274,15012
2666,25289
4950,34986
5135,600
560,7327
31,1500
664,12618
2268,5986
4479,10839
4590,17955
32,28848
402,7955
446,21747
479,42924
753,20910
983,42812
1220,17712
1252,11740
1254,23504
1291,17524
1389,6340
1407,10990
1440,20306
1740,29931
1945,27093
2053,22240
2054,9147
2115,12867
2154,5556
2239,28015
2469,9910
2598,11463
2675,33318
2733,31068
2754,28596
2867,35214
2916,11769
2984,18032
2999,4020
3047,11988
3162,11706
3233,37941
3258,11692
3394,8841
3413,48564
3449,18123
3570,5896
3590,30902
3636,39384
3676,19236
3694,25148
3827,29616
3877,14232
3887,13584
3925,43121
3938,4892
3968,30424
4189,18644
4319,8032
4581,31647
4637,8835
4665,16672
4742,67323
4750,23224
4785,12342
5036,17139
5085,12201
5253,19351
5555,54656
5566,6624
5624,25892
5645,26328
5731,8721
5840,86308
6030,25452
6048,26600
6370,13962
80,25854
33,11704
171,16851
255,11535
266,28205
655,20812
835,6830
1999,18780
2088,5490
2220,23881
2432,27828
2743,42954
3266,17631
3285,10378
3486,8291
3858,11388
4139,7848
4334,18919
4528,9456
4571,13564
4752,9597
4802,2528
5368,13060
5587,20078
5648,5032
5973,15512
6058,20615
6135,735
34,1724
801,20307
1208,20502
1761,21518
5209,100
35,10921
204,20816
270,17391
362,13080
379,31102
779,25685
998,1912
1033,14031
1059,11648
1070,6027
1092,42661
1478,20950
1713,20430
1760,15714
1982,17856
2024,25838
2066,14019
2150,7288
2701,36628
2876,13380
3027,15986
3955,23969
4317,12771
4412,23908
4624,11419
4736,22865
4747,8880
4803,10647
5328,14016
5607,8010
5710,52848
36,4385
1341,32678
3042,42036
3055,3916
3139,26043
3689,17936
4759,17455
4935,19888
5326,24882
5667,30889
6107,28291
37,1449
1458,18979
1467,17307
1496,34079
4264,1800
72,14784
187,13124
237,38926
294,12633
519,16159
885,9933
936,25584
958,15576
1242,7229
1858,18794
1882,16476
1889,50131
1994,9184
2491,47331
2558,8103
2617,68181
2623,20704
2668,16980
3403,445
3412,11733
3584,11078
3665,28624
3708,8155
3904,2538
4135,13662
4279,26354
4306,18576
4379,5019
4437,12873
4619,18921
4634,20883
4745,48298
4852,19187
4874,6822
5033,20832
5646,17692
5798,30648
6023,18221
6165,11432
6247,8616
143,11583
39,6112
196,14402
329,6561
654,1947
709,10485
810,25258
1135,23248
1397,15117
1661,8893
2554,10512
2766,28148
3525,13023
3624,14239
3722,8536
4853,4944
4866,8649
5203,20133
5297,40924
5754,14459
6272,3237
50,36972
225,14535
238,15027
312,16701
349,15261
391,10821
434,20664
461,26372
482,31321
494,16093
539,3936
554,12580
637,23776
718,30220
738,8412
823,24548
829,24741
872,33903
883,12786
902,53860
945,4635
963,24372
975,44465
994,13236
1049,46733
1146,9688
1317,13827
1361,36264
1387,19828
1434,9627
1518,31312
1528,27843
1543,22661
1550,23563
1553,33148
1577,22084
1594,28695
1613,12438
1635,26470
1800,21196
1823,21628
1851,11382
1857,30701
2085,30102
2223,7762
2283,5078
2330,31332
2362,11310
2404,82544
2406,66312
2490,28818
2493,45378
2563,11798
2569,14660
2649,4965
2652,39588
2753,43252
2810,35458
2825,5980
2913,16782
2969,16375
3012,35302
3102,22656
3120,40758
3142,9216
3158,22386
3194,22543
3198,27222
3218,16716
3232,27591
3300,39856
3357,19881
3405,12425
3470,14655
3472,39176
3630,70205
3644,17416
3657,17796
3701,35979
3723,20428
3782,24508
3861,22482
3905,20214
3981,13372
3995,11973
4054,30028
4062,5595
4097,24928
4108,6744
4157,39844
4161,50018
4184,18441
4222,18414
4252,45696
4321,25582
4392,18888
4439,35592
4462,41178
4488,24470
4493,10544
4585,20565
4621,21372
4658,29358
4695,18091
4727,11376
4772,23144
4810,55743
4811,28938
4816,4308
4885,7748
4934,26883
5143,38487
5183,14144
5188,27910
5380,28593
5503,25646
5653,20358
5669,19533
5759,43956
5816,34856
5962,41468
5970,23033
6166,7895
6169,20828
6172,10362
6187,8949
6202,9112
6277,61872
6358,19981
6367,12318
6384,16616
41,10695
125,14078
210,11792
790,12266
847,6204
1123,27428
1212,13374
1370,11816
1837,26886
2136,18330
2497,10902
2628,8081
2832,12948
3030,15030
3212,10616
3491,17754
4229,17726
4311,15564
4343,27787
4435,17331
4998,6810
5164,3917
5374,25400
5700,16885
5762,18814
5763,21378
6349,7638
78,39693
42,12776
130,22005
614,18834
632,22129
685,9831
825,21336
1450,33620
1475,3861
1485,25332
1533,55292
1547,30596
1618,19789
1983,18003
2292,32945
2576,10124
2764,19454
2859,27682
3131,19557
3286,26100
3469,21676
4300,20764
4355,29384
4422,29982
4990,14280
5145,68741
5151,11904
5229,32232
5246,5496
5265,43963
5560,22033
6083,24825
6375,21812
64,26493
106,8256
274,6984
488,13920
550,11965
558,25436
773,38346
1096,9030
1375,56399
1688,29599
3084,19964
3254,18159
3273,23575
3302,15569
3571,22473
3716,19002
3936,24592
4164,21207
4175,24904
4568,14262
4674,24236
4796,31332
4943,600
5111,23732
5537,23586
5616,6639
5748,38998
96,19970
44,19459
99,12284
172,17920
317,23112
521,11847
534,22368
568,31364
607,24203
617,47030
1104,12993
1132,18160
1330,17768
1453,13235
2063,30597
2164,11379
2197,37068
2207,11063
2291,14519
2319,21924
2526,5086
2618,25916
2727,8979
2956,21832
3129,13840
3206,27427
3385,14478
3391,58516
3642,4243
3659,4359
3664,67644
3725,13288
3824,10662
3922,13296
4039,34818
4159,36672
4218,7412
4436,24792
4536,30479
4576,44843
4632,6190
4680,22717
4925,11017
5216,34623
5260,20037
5423,9745
5486,6981
5861,25268
5876,18458
5925,25851
6278,33953
45,198
2843,23060
62,9524
104,23813
201,17998
350,16244
649,9477
724,8880
1908,2493
1963,8086
1973,25880
2235,11937
3169,21924
3427,10918
3457,17450
3970,7815
4395,33776
4890,30149
5238,31889
5339,2819
5575,4047
5625,22875
580,15943
661,17468
1439,39524
1874,5915
2655,24031
2702,12249
4056,39517
4078,21488
4600,19528
4623,9468
5121,24720
5441,21074
5532,18498
5677,17426
5953,14746
6123,15300
260,16737
48,9219
328,26792
353,20792
921,9526
1379,33567
1504,6266
1526,28304
1764,9396
1923,23176
2030,31779
2366,32622
2612,11607
2850,29476
3111,23115
3378,21639
3975,25047
4063,30309
4983,24312
5363,18202
5497,8436
5570,11584
5659,13296
492,32282
556,15060
988,26700
993,19818
1106,15450
1129,24678
1164,13593
1214,20086
1765,10458
2073,22185
2337,30786
2345,27759
2482,8796
2670,1996
3018,12703
3349,9951
3454,29463
3478,12675
3841,11667
4040,18452
4042,5400
4160,8917
4233,3742
4440,18564
4547,25515
4641,15945
4999,13407
5390,28646
5446,13986
5568,19816
5574,12931
5630,28705
5836,10916
5928,45377
6010,10735
6085,5995
6163,58060
91,11266
158,30374
269,28162
546,8942
644,5799
821,32542
831,20206
1138,34700
1240,15028
1316,21545
1403,17080
1415,23445
1585,15432
1637,17739
1663,16250
1667,12916
1717,15655
1811,24743
1847,20979
1953,8815
2059,2125
2222,36084
2236,20004
2242,21544
2399,29282
2465,39897
2507,31702
2786,39480
2827,17980
3616,16200
4187,12171
4324,39004
4359,19380
4364,23559
4410,8739
4438,7623
4516,47392
4538,13410
4541,39216
4559,23536
4661,34329
4940,48240
5006,27160
5011,38263
5133,25643
5149,25950
5213,16589
5233,5964
5411,29748
5458,42373
5482,19710
5505,32442
5539,36110
5729,13188
5774,9400
5819,29703
5842,27078
5863,64680
5935,34074
6028,9948
6194,23120
6328,28837
6381,35076
71,17128
545,20958
1005,13483
1021,6267
1474,12432
1554,5960
1579,6092
1666,8459
1712,10365
1792,18098
1967,11184
1972,49431
2325,13932
2801,17100
3067,22408
3085,17128
3105,8862
3268,6936
3480,22293
3833,1347
4255,9768
4444,5397
4563,10410
5039,4539
5200,5577
5221,1241
5604,4049
6176,11508
6265,438
6305,7344
189,2988
52,15655
460,45417
574,18744
584,38796
663,7180
691,21953
716,8159
749,27389
819,38304
918,13635
952,8148
1060,22160
1170,32838
1340,8172
1709,9016
1725,11396
2452,4809
2837,21083
2966,15474
3202,2132
3216,15627
3243,15761
3563,2092
3567,17504
3658,1938
4015,4917
4269,29644
4562,300
4791,6957
4795,4652
5057,4208
5345,4089
5366,9840
5807,17449
5882,9827
6246,3200
6369,17336
138,22529
53,16243
420,26612
853,17480
953,8008
1250,21748
1529,37252
1959,26431
2879,7071
2964,26472
3068,27636
3116,19119
3122,21824
3154,10900
3372,14487
3523,14369
3559,12957
3560,15467
3608,25022
3993,20979
4099,23112
5097,11568
5383,22064
437,4513
849,16309
911,10671
1363,32214
1446,19812
1491,26074
1786,10980
2140,18911
2504,8052
2568,19886
2594,12130
2736,20687
3152,13551
3222,71744
3363,7220
3819,7588
3992,24464
4325,22188
4458,14184
5963,24084
6068,25452
113,19438
55,2247
970,4800
2081,18016
2629,2853
3140,8580
4792,13357
4946,15834
5076,11917
365,2612
56,2064
715,28303
2018,8174
2514,2415
4648,9308
5146,16752
5174,10608
5313,33664
70,13197
405,11156
700,11056
854,7018
908,17495
913,12003
942,18761
1044,26354
1051,53320
1058,8736
1068,6678
1304,22792
1432,23244
1470,32346
1516,20924
1629,35592
1803,24076
1941,15012
2001,22336
2002,7111
2167,3392
2171,18156
2525,14508
2604,18948
2831,15414
2866,15813
2873,8724
2907,24332
3220,2544
3524,28518
3536,13858
3898,25340
4103,28800
4188,26808
4190,8057
4371,4353
4467,11179
4616,4735
4694,28743
4933,7464
4941,14732
5096,23700
5162,32632
5254,14840
5404,9495
5499,14969
5656,14359
5698,7392
6066,17040
6078,14259
6086,14049
6089,9345
6220,19803
6234,7836
6318,15966
6366,11856
378,33499
452,11163
588,13683
619,22098
653,884
759,22326
826,37410
955,7572
1166,25268
1289,20217
1657,24488
2026,42945
2152,23355
2234,24536
2595,2684
2951,17937
3275,20785
3279,14475
3603,31017
3688,50296
3704,42045
3973,16138
3984,12558
4026,18841
4035,17976
4181,7297
4481,18665
4501,14868
4524,15056
4741,34533
4768,20598
4903,27111
4919,24360
5507,29124
5750,30736
5796,33231
5991,18052
59,5790
621,11843
1413,20056
2017,24330
2428,28782
2436,9738
5569,14139
6137,31019
380,37096
418,25963
443,33164
504,11550
608,14544
657,25542
727,17764
784,16932
926,28742
1077,48836
1128,12523
1210,7797
1270,40328
1477,33856
1484,27473
1568,21772
1732,26069
1793,30804
1865,16824
1914,17348
2000,10128
2176,35401
2192,10012
2237,33805
2261,30524
2279,32672
2408,19705
2422,19064
2446,25230
2454,26024
2476,42990
2553,11547
2634,8009
2639,54736
2740,55064
2773,30459
2895,35148
2965,10300
2990,12356
3108,22576
3179,39244
3228,44112
3743,18294
3979,35965
4088,6894
4096,3465
4155,12996
4461,2758
4561,27571
4723,28406
4762,25159
4824,25951
4900,35556
4996,29176
5009,42357
5284,14070
5348,26644
5399,42162
5406,14197
5445,19740
5579,23229
5640,19349
5783,32515
5850,28272
5858,16644
5943,27955
6044,41152
6188,36337
340,30416
61,7158
839,27436
1035,16264
1275,20073
1834,10965
1927,7430
2245,24404
2393,10980
2616,25575
3155,31326
3317,23304
3319,11269
4495,3024
145,24539
168,14533
904,20728
1200,18560
1438,22031
1846,5671
2116,13583
2358,18079
2814,5711
3717,16370
3963,10594
4380,15096
4626,15880
4832,26898
5075,24141
5296,5710
6063,8072
6073,38737
63,11755
149,8542
1038,9230
1124,10276
1433,19600
1565,21095
2355,7777
2519,19397
2592,4724
2600,6420
2651,18936
2732,5940
2797,8007
2910,10188
3099,17478
3277,42440
3453,1974
3517,8055
3724,10107
3801,19005
3828,23688
4276,11477
4760,11156
5052,4626
5175,22756
5531,14789
5826,8787
5830,4941
5944,17920
114,50672
154,14086
320,15716
354,1515
364,23631
670,24091
769,33228
1032,24519
1120,27417
1131,27903
1352,6900
1558,20562
1586,11432
1869,62305
1925,7058
1969,12366
2193,48176
2293,8409
2316,12862
2609,10023
2610,30228
2695,1884
2927,52828
3000,20943
3029,49360
3078,25673
3080,28986
3235,19618
3251,23419
3353,14754
3401,33946
3422,13500
3433,2112
3670,13819
4069,14130
4131,20715
4176,8071
4192,29885
4286,900
4288,13762
4302,26584
4409,10097
4519,27969
4595,2442
4799,42312
4862,15432
4870,5431
4884,13579
4886,14460
4894,8808
5086,13122
5168,12702
5329,21473
5370,13524
5438,28864
5541,3554
5643,5772
5743,26970
5853,6807
6090,20457
6293,5752
234,500
413,20983
1716,7982
1859,5401
2282,24228
2597,3006
2921,13210
3031,19156
3074,1316
3756,4704
4259,21686
4839,6888
4881,16209
5139,2532
5675,2241
66,21800
235,13128
297,40316
439,27770
711,13311
951,100
1031,18717
1244,11612
1298,9939
1359,9816
1664,38959
1730,15343
1775,26090
2020,29583
2524,72244
3294,38860
3410,42507
3531,20768
4061,45394
4210,32814
4473,11521
4758,56631
5014,16596
5152,25167
5917,19518
6091,30959
6244,19862
746,16014
67,2373
1996,24801
3769,17644
5021,30548
5295,17168
139,13228
284,2100
377,11561
424,16158
594,14217
762,11226
792,20745
912,9001
1372,22104
1417,700
1932,10377
1946,31878
1947,24852
2210,24627
2458,20748
2640,12849
2659,22548
2803,30889
3025,18742
4032,7887
4076,31064
4560,19928
4654,18426
5250,8612
5367,633
5765,4629
5784,3315
6383,26955
69,16436
193,11192
1088,30503
1872,15939
1952,24905
1976,26580
2028,8964
2049,17956
2322,27996
2461,3723
2725,9060
2834,33584
2838,32412
2853,47679
3227,29536
3284,33868
3595,17031
3767,12740
3810,14769
3829,27135
4125,6592
4327,7160
4678,21919
4697,18816
4701,13137
4746,7112
4784,12163
4961,13631
5293,16984
5340,7156
5414,15096
5431,26088
5484,14844
5860,35191
5915,19948
5940,15093
359,3636
511,14841
1297,16401
1639,4381
2728,8811
2758,31980
3059,34461
3710,21565
4450,13076
4849,9967
5156,284
5316,14878
5565,9491
5699,4844
309,19428
381,66864
416,7255
421,14447
436,22324
682,19435
1016,2850
1141,11724
2114,21128
2486,31140
2531,18872
2935,10104
3021,20276
3087,9800
3153,17220
3252,20892
3253,12855
3575,10386
3663,5538
3687,6273
4052,4472
4060,29852
4281,30588
4407,1194
4446,11440
4477,16210
5351,25168
5518,13032
5803,7182
5965,34508
6008,20604
6261,10519
136,31041
453,25518
641,47528
745,20445
959,22346
1103,23859
1253,29296
1591,42717
2369,41040
4021,21126
4109,13959
4668,32144
4927,15249
5119,28524
6196,17693
6311,10732
311,2912
73,3000
2162,5060
2247,16647
2759,2862
2961,5069
3734,5352
3879,4662
5693,4043
6095,5436
6106,1110
6380,5820
93,11045
74,21529
679,20096
686,3162
763,4906
1358,22372
1611,17916
1774,7056
1784,12580
1815,18067
1817,6006
1884,8949
1938,16853
2005,5536
2188,8221
2294,8028
2676,11493
2776,4715
2995,26118
3019,14784
3091,4580
3097,26733
3132,24976
3144,6186
3326,6822
3342,18870
3467,6168
3479,15042
3535,12404
3610,12251
3752,14997
3809,34403
3953,23568
4261,22412
4451,23002
4598,5407
4620,12794
4675,20057
5210,7692
5642,14637
5829,7027
6065,22910
6104,14463
6113,14786
6259,23768
244,15896
442,14196
646,57124
1194,54640
1471,28262
2534,17124
2583,17128
2805,6916
2830,22299
2900,22832
3383,15484
3388,21585
3496,47736
3759,4056
3892,11555
4393,17884
4526,28445
5012,8106
5278,8490
5325,12279
5821,46365
6308,67312
76,9036
696,8333
1327,35410
1421,16160
1437,9032
2262,8677
3240,16436
3718,29152
4303,15300
5098,17352
5244,9301
5772,8839
5898,12799
6014,23628
1856,10688
77,50
79,24694
81,26541
87,14218
190,35633
1097,27576
1285,45172
1420,5322
1556,5811
1570,10868
1619,18132
1636,21904
1833,21684
2079,35867
2112,33523
2159,22148
2180,11118
2403,9459
2426,15549
2570,51696
2586,13227
2605,31604
2683,8724
2777,27177
2778,27602
2955,30467
3007,18144
3244,14397
3310,11630
3316,24459
3322,7143
3364,9537
3367,31731
3382,15216
3446,9486
3498,32988
3897,16475
3950,10134
4124,76711
4612,12438
4730,16480
4764,37467
4766,19436
4855,10974
4958,19908
4972,11540
5015,35964
5077,20538
5172,22580
5196,11442
5230,16416
5256,21920
5355,27471
5418,44724
5429,4276
5674,41778
5785,9009
5813,17079
6126,27879
169,7828
535,25710
672,5666
750,60584
924,30400
1217,36392
1320,5736
1423,10932
1449,13851
1472,6894
1625,14628
1822,12404
1880,5587
2169,932
2201,14319
2370,53864
2521,41776
2549,17070
2806,12982
2829,45331
2846,4016
2882,10126
3195,8583
3242,30408
3257,15615
3334,9388
3487,36579
3549,11317
3753,26484
3775,15696
3939,5904
4814,25257
5161,31925
5343,28908
5769,15311
5897,12044
6040,2059
228,5308
543,4562
1080,25911
1121,14091
1122,20102
1623,10677
1640,13626
1682,7532
1939,10554
2144,23236
2405,12047
2415,26348
2840,4887
2872,9565
2938,18230
3002,11379
3051,9069
3780,19469
4285,21016
4340,51888
4353,35119
4532,7280
4872,19530
5258,4378
5886,29024
5903,1000
5913,5143
6082,600
6100,9580
6257,11880
6288,12880
6292,29559
6306,6597
307,33120
450,29304
459,39908
1362,26472
1424,14988
1831,33452
2249,36125
2303,40501
2431,18713
2822,33408
3508,30031
3538,14727
3653,40842
3807,23348
4390,23372
4445,14752
4492,14055
4652,26313
5118,12046
5124,36612
5588,16635
5878,7566
6200,22452
6301,8276
82,11228
541,15298
548,3297
728,15260
886,18899
923,11190
967,18720
1777,30050
2010,6267
2119,15692
3215,28203
3420,17057
3488,3516
3602,16840
5980,19985
6005,16021
83,19785
140,13713
249,3336
565,12060
597,7646
652,13749
977,14820
1064,15495
1117,31516
1189,19960
1213,20385
1459,8472
1697,12815
1702,21341
1904,30028
2101,25524
2607,3654
2693,6675
2744,23631
2946,7386
3354,9027
3393,17734
3799,24324
3952,5562
4205,21396
4220,13647
4366,9177
4374,11575
4523,42584
4574,5936
4985,11147
5195,10736
5477,8991
5619,34136
5739,4254
5768,34100
6011,5660
229,37073
464,13724
469,17619
508,37320
537,8092
555,24376
677,17540
996,25340
1094,14324
1351,14771
1396,42464
1454,10376
1509,27377
1520,12108
1737,5571
1749,25056
1809,32648
2012,6162
2074,6364
2199,24344
2275,14215
2434,27755
2444,32680
3038,18040
3544,22914
3587,13568
3697,18285
3736,25630
4036,22904
4226,17169
4250,16071
4639,37779
4703,28536
4922,8924
4928,41396
5042,12749
5100,28272
5176,15282
5226,30472
5473,12839
5506,13842
5849,10065
5916,8209
5960,10404
6033,10586
6069,16576
85,17012
990,23072
1052,5472
1114,11827
1221,4816
1239,22165
1490,10260
1787,15492
2771,24867
3352,19528
3411,15762
3746,25686
4004,18411
4584,27942
4863,33738
5261,21189
5285,8697
5644,10830
5777,21560
86,3260
254,18468
1790,15504
2284,8348
2435,3336
2847,10644
3189,6120
3800,3903
4828,10350
4848,8056
5159,9417
5242,16768
5610,6219
5799,12870
6203,13035
6205,29472
6273,12783
88,6209
2025,7916
3058,11168
3886,6841
4227,13989
6260,3688
89,2601
1082,6069
1911,9716
2962,11696
3130,3141
3795,23190
5259,16044
6298,30184
90,3215
2123,4489
2339,16661
3070,4734
3343,15203
4993,13457
699,16261
757,900
1410,43428
2650,27324
3293,12912
3839,16944
3915,19196
3980,12402
4416,25956
5018,13909
6056,9905
6111,9372
236,9002
92,6096
455,21367
626,25159
665,2572
1009,7863
1280,14115
1643,8094
3392,19219
3534,12306
4023,28428
4638,8760
4738,7602
6143,38667
124,8504
448,14627
859,6180
881,8626
927,15596
1339,13801
1511,21237
1735,18752
1772,12758
1971,20840
2378,13976
2742,11010
3283,11153
3527,11044
3732,17916
3776,3049
3863,7950
4183,10107
4320,5862
5024,20109
5134,19054
5641,26748
5809,18035
6330,10082
2128,4944
94,498
5147,2848
162,19427
327,14674
371,47774
407,24241
827,6312
865,40455
892,7233
1142,41256
1535,7318
1974,19966
2034,42067
2265,13509
2799,26952
2823,24405
3060,17640
3721,3200
3855,37820
3918,14488
3949,18759
3997,19827
4151,10936
4672,37040
4717,13232
4805,16048
5372,10533
5620,13899
6071,5764
6147,36667
6197,30845
925,34386
1441,14217
1799,24489
1850,31804
2191,19020
2439,24686
2472,25496
2975,8300
3376,25920
3459,21764
3574,22337
3643,12963
3745,12335
3792,18596
3820,23421
4163,6768
4267,18236
4363,16658
4596,40392
4604,44766
4833,20456
4948,18782
4957,20472
5189,10323
5332,34037
5350,38333
5515,26884
5776,30699
5999,41333
6195,34089
116,11619
97,8596
3902,17080
5004,4143
5389,5166
5844,16612
5956,28288
98,9258
396,40025
938,4168
1968,25667
2050,10373
2474,19608
2488,3925
3781,27172
5392,7456
6207,23760
141,2915
230,14906
258,14076
323,16820
520,17112
804,24568
1300,11380
1390,4494
2663,801
3173,2264
5967,14370
100,972
2896,5816
101,492
3677,536
102,328
483,17662
103,6187
777,6256
968,33348
1085,8363
1825,22606
4082,34680
118,10724
184,27084
411,19692
1019,3746
1385,14750
1419,2859
1915,7386
2335,30132
2364,5394
3100,5517
3262,9860
3474,1194
3541,8136
3671,15225
4769,10072
5180,3912
5492,9699
5576,12001
5638,14513
5992,19059
6037,9248
6043,17048
6343,9880
6352,6400
6365,18356
135,5211
105,8410
666,4626
1042,2212
1162,23376
1292,10362
2304,5382
3921,5920
3935,6400
4087,15741
4162,11506
4685,1362
1810,12971
2037,6175
2226,10944
611,45288
992,20049
1024,13803
1487,23433
1753,43786
1922,20959
1926,38319
2398,13428
2596,18953
2789,21664
2903,5460
2994,29508
3001,20608
3444,22812
3926,12547
4535,20439
4555,22436
4645,30270
4973,10938
5091,35547
5218,31670
5778,22501
5949,9951
6034,26780
6167,11823
108,5801
1268,4594
1464,7076
1881,3712
2065,5317
2100,4848
4216,9269
4506,7875
4618,12826
5103,13413
5185,14749
5688,10632
5736,10824
557,930
109,2368
725,5809
1167,450
1444,2140
1988,456
2954,132
3594,474
3972,1365
5405,1714
110,7658
427,9720
1500,1662
3507,8541
4836,4944
5109,13479
111,2382
832,400
1587,8336
3193,42196
5381,26351
295,10349
112,8138
457,2017
915,20056
987,16746
2881,10992
3171,10746
3600,16261
4066,12892
4110,9016
4728,14453
4856,12054
5054,20376
5080,1540
5294,10956
5636,19028
5670,9608
6136,15025
775,6408
861,2167
971,8112
1087,18932
1523,3885
1676,18730
2298,11317
2588,28908
2977,8744
3337,6555
3348,6711
3493,13056
3619,12916
3837,14348
4006,11255
4182,12306
4763,5099
5471,13428
5662,53775
6042,10321
161,24354
202,41512
226,14556
281,15588
744,19875
791,25994
895,27756
976,37948
1566,9032
1588,25017
1614,21772
2438,9471
2875,4049
2987,14942
3148,17343
3245,15034
3755,25275
3880,10360
4058,49017
4304,9627
4348,12680
4351,11877
4434,38981
4454,13149
4797,26704
5125,32361
5335,16260
5413,19453
5500,5048
5523,39656
5725,23463
5977,42093
5988,18804
6007,28441
6105,26540
6191,15952
6235,12689
466,28091
498,27448
929,21200
1018,8821
1089,1596
1183,7023
1408,12604
1631,18632
1638,8933
1747,6864
1902,11424
2013,18420
2556,6336
2653,11963
3022,9369
3423,6349
3526,4684
3719,9976
3730,18799
4420,20159
5347,33532
5357,15321
5711,21928
174,14294
242,22152
1040,28452
1366,20212
1399,32416
1604,10436
3500,26088
4365,29800
4982,17200
5427,19307
2195,6616
1169,23708
1231,5091
2371,6561
2864,8908
3004,6808
3020,13404
3871,16002
4085,3726
4352,23520
4472,14429
4588,14685
4978,11840
5299,3144
5683,13725
5818,8263
650,34347
1644,11544
1957,51922
2104,3368
2332,23275
2397,6787
2545,17304
2547,13731
2772,35433
3046,16514
3331,10881
3543,14256
4465,4999
5665,19256
5889,14903
5986,20994
2433,17576
2939,13863
3421,22115
3490,7676
4128,9405
4505,21516
4676,10884
5027,9060
6045,7005
121,11308
797,14014
838,4064
1211,10180
1224,1264
1721,7197
2062,9792
2172,8903
2250,18828
2501,6315
3464,10377
3564,13721
4002,2544
4347,26192
4817,24294
4871,15652
4997,3466
245,13582
477,16927
576,12348
631,40950
1144,29323
1172,16972
1346,3312
2336,10320
2657,12264
3035,9123
3309,19326
3831,7215
4787,24753
5010,627
5462,23164
5828,5197
5952,19282
6055,20539
6287,24643
6382,5691
200,8074
123,4444
578,1659
706,5265
789,6404
862,729
974,2994
1209,4040
1473,5152
1488,6545
1719,2825
1930,5033
2765,3436
3304,2484
4504,2960
4633,4516
4707,2091
4905,1761
5106,6804
5201,2944
5241,1763
5843,3505
1287,2445
3597,3596
4171,10398
5023,6456
6371,9170
538,2571
589,7065
875,11628
957,13458
1063,7832
1116,4818
2688,16459
3320,6800
3338,3391
4869,19893
126,9732
916,15694
933,10210
1313,14449
1658,4264
1900,4527
2184,7713
2270,13704
3439,5329
3626,2095
3797,9297
4193,7011
5219,900
5315,11387
5961,21383
198,8132
127,6257
316,3830
733,2640
1671,5191
3754,17872
5044,11141
5704,6788
6162,10302
6279,9236
6332,35160
415,7623
522,17157
610,19150
658,19204
1814,23272
1827,36652
2019,22242
2145,22892
2844,23551
3066,33000
3089,17271
3404,21773
3578,14291
3876,21878
3954,7467
4213,18221
4829,31968
5290,8238
5996,32934
6295,16728
4225,27123
5268,2865
6275,15308
333,17950
527,2237
1402,30572
1590,25192
1628,12576
2271,15629
2338,17338
2656,29639
3023,3373
3426,20340
3672,7500
3883,17682
4050,15589
4429,8274
4892,2991
5558,3089
6062,35651
6153,10053
6238,7104
278,11379
501,21064
680,13543
776,3232
1466,4092
2135,21055
2266,10019
2952,5961
4879,3324
5060,7517
5122,4316
5181,24738
5888,14485
6141,6268
6224,1743
6226,11613
513,5050
1373,17669
4299,9832
4813,9973
5346,14724
133,7776
367,17675
651,26376
877,9204
897,2600
1650,1774
2181,4556
2709,897
2780,2796
4263,38808
6307,12513
134,7686
1061,16394
4102,8921
4579,17428
4770,753
5079,10076
2256,27528
3071,7959
5243,6192
5522,7407
289,35934
743,19478
814,25301
1105,9960
1513,24734
1578,35035
1624,8154
1692,21129
1821,20317
1990,36167
2538,24780
2760,4182
3632,22520
3774,5772
3977,18369
4655,15268
4911,20649
4975,12952
5155,42051
5612,22824
6116,41940
6363,22665
137,19771
425,22694
595,14050
868,24136
1069,16078
1991,16668
3739,6528
3851,29925
3994,36248
4578,13783
5081,8421
5452,13845
5509,23428
5552,22484
5720,24141
5918,21627
308,3740
456,26526
1290,20812
1377,11354
1452,10463
2102,9870
2622,1638
3777,31744
3916,23809
4417,1959
4530,8799
4858,14323
5113,1930
5349,7161
5870,12424
182,11061
1153,14527
1970,18912
3772,16760
183,4049
487,8480
544,11184
828,6024
997,8982
1748,9744
1767,18808
2318,27920
2720,3085
3328,7179
3942,10980
6110,6076
5215,4049
142,11357
485,9707
2126,3077
2132,16339
2849,2208
3377,13064
3429,1944
5319,9544
403,984
723,7326
1736,18239
2705,15660
3050,4745
3811,10203
3849,6546
5764,5460
144,555
751,287
5605,104
577,12561
1336,9114
1465,8840
1910,6342
1955,18856
2363,9138
3447,14967
3577,17154
3868,4641
4237,21568
4952,27312
5053,9780
5567,12799
5804,215
6006,8655
146,10784
398,23720
694,27135
956,7626
1331,11130
1412,2297
2224,9797
2638,24116
2892,5082
2914,21477
3143,8795
4172,13733
5614,7531
5834,14432
5848,21192
6182,6367
6216,8728
147,10726
941,9075
1037,9711
1633,18168
1853,7148
1979,10176
2523,3480
2933,14092
3492,13357
4358,7629
4367,10840
5020,30436
166,14809
199,8748
616,17214
1489,15129
1838,13752
2747,16656
3660,18720
3960,11775
4080,1841
4602,26507
4706,12547
4989,23436
5422,18170
5633,22524
6148,19085
338,8909
1258,13631
1804,7770
5148,4848
1111,10724
1447,11628
1593,12537
2877,11911
6372,14850
2940,17814
3650,34857
4170,6036
4546,13308
356,9329
648,24023
1505,17363
2124,21348
3219,29939
3770,5721
4051,31759
4064,13558
4133,18103
4243,17278
4305,13444
4842,11244
4962,5724
5942,13452
6316,26064
690,18162
871,2422
1808,2592
1936,25312
2095,3249
2518,8646
2894,12028
4012,17160
5407,10299
5626,12084
247,9790
273,16801
512,12558
1334,5500
1627,16900
1734,26780
1886,2692
2277,6679
2307,7764
3312,14104
3615,10140
3965,6920
3967,14422
4427,18028
4671,10576
5095,10665
5488,7848
5490,13771
6341,16764
319,1392
155,2316
1225,204
1544,699
6299,8802
1739,11124
2551,14679
2809,18042
3056,39185
3112,5795
3986,5139
4554,11385
4583,4855
404,7914
1798,22768
2447,8259
2467,13888
2632,11676
2842,1704
3033,17584
3127,23717
3180,7793
3862,15054
4309,19914
4636,7010
4712,468
4864,12919
4893,3373
5649,38353
5786,8829
252,38720
563,33149
799,25302
1163,26840
1219,3165
1311,17202
1335,6944
1675,15972
1895,9207
2346,9488
2874,35399
2936,18564
3740,9950
4449,26792
4474,16917
4974,12690
310,30397
394,6171
592,24179
1187,9981
1455,26349
1605,4285
1948,20606
2311,8724
2400,8480
2487,19204
2712,14362
2768,241
3947,26976
4014,1950
4215,17259
4419,7240
4681,4562
4704,5406
5022,19740
5136,4758
5342,14899
5424,1332
5459,2949
6032,20568
6125,15978
6157,17931
6212,20508
6325,1296
160,1070
1782,5016
1868,10643
880,2692
2008,2740
2072,28617
3124,9224
5584,16300
5696,30972
339,18376
704,12585
2281,20469
2574,18026
2641,10509
3844,18344
5735,13264
6117,13144
163,16062
601,19569
985,13540
1215,16842
2582,5140
2888,9517
3593,18008
3690,12663
4686,14451
4988,12911
6002,19591
6323,14694
6342,9328
1622,19670
2630,2676
3865,4635
3867,4446
177,10569
165,7453
351,10186
358,2976
673,9866
1571,14476
3399,4277
4614,12027
5797,5500
463,27804
794,7732
909,12912
1029,2076
3236,3580
4313,6667
4794,11152
5082,6576
5107,20360
5652,7512
167,822
1662,5922
1981,16922
2105,6120
4356,3805
5289,4050
5561,6530
5938,13781
674,308
1353,8013
5353,18759
5550,7032
781,18187
2011,10184
2692,23332
3793,4274
4408,28220
5043,18732
6156,2712
1282,6527
2296,13567
2543,8028
2661,11532
3596,4796
5002,8676
5234,894
290,11176
586,1334
747,7824
1751,11199
2485,3396
3133,2380
3547,9348
3647,11476
3907,6236
3912,8224
4111,25372
4235,14385
4400,33879
5032,18288
5140,16684
433,17167
489,11657
783,9030
1381,10163
1728,13798
2217,16420
3076,8742
4315,4867
4457,8793
5016,18368
5959,26595
268,9370
2920,14334
4122,8519
6049,5035
6315,2208
523,15376
800,24183
1266,12690
1348,3164
1482,13598
1502,23508
2029,21528
2241,14274
2289,5319
2344,15987
2807,6048
2828,15082
3014,12909
3079,29835
3101,33097
3166,19736
3183,5207
3209,12378
3537,10532
3714,14288
4016,14169
4137,8343
4140,27876
4173,9246
4246,15890
4318,31941
4653,18514
4818,11384
4820,14884
5104,24184
5545,5588
6024,1680
6131,18606
6186,14634
6208,21511
6251,10791
622,4323
687,15732
2343,10628
2615,6129
3335,25420
5435,5444
6109,14106
1237,2235
1305,5826
1480,39180
1510,3679
1891,12271
2004,8096
2700,28888
3554,4743
3707,7152
3840,19916
4716,13616
6386,28681
517,7917
178,6456
6122,9200
248,2204
179,2412
1469,2481
1819,2218
2350,2418
3321,3028
4381,4113
5059,4079
5899,2259
186,16804
180,7781
920,13854
2384,19327
3094,12981
4236,704
276,13688
363,6520
561,4482
772,10075
1137,20720
1376,8409
1392,11086
2133,9981
2209,5246
2548,20181
2730,18616
2835,9825
3881,4266
4100,16362
4428,6683
4724,4332
5324,15186
5359,18500
5651,12177
5831,10156
6119,1916
973,3940
2351,17068
2512,1893
5498,6216
5680,14508
815,5991
1288,16073
1319,4174
6268,6576
5028,17391
185,1147
860,2512
1400,5859
1534,16672
2979,2435
3424,3630
3612,6277
4251,778
5101,12348
6290,7755
1207,9956
1564,6516
1703,19760
3303,12065
4075,5581
4284,6030
4845,18469
5476,9063
5760,5680
188,604
408,15702
1445,2160
3860,9600
4376,5664
4897,1098
203,18023
842,14559
1026,6501
1095,28500
1191,15324
1876,26678
2174,9368
2425,1736
2464,14160
2527,18330
2781,5993
2981,4289
3830,7623
4106,22086
4266,8275
4298,20427
4711,13104
5602,1629
5634,11750
5687,7988
6344,5094
1091,7869
3511,5639
3706,14421
4057,13710
5582,6917
192,4635
410,17377
1020,7024
1050,4176
2912,8763
4240,10521
5072,8999
629,7792
852,10383
2672,8629
3318,4788
3715,4149
3884,4440
214,15591
4837,2188
368,17250
1573,8176
2080,19473
3123,20676
3389,11852
3448,18065
4387,22528
4815,9480
5186,15541
5520,12156
5681,4076
5896,7504
4290,1953
613,11748
1634,17563
1731,6409
2410,10852
2746,1641
3009,5079
3482,3606
4518,18638
5585,11728
5593,7802
5885,12091
3159,7152
3685,9401
4405,7842
5902,8100
6145,5820
376,7466
3356,12900
3848,15864
4221,9589
4847,12403
6118,5236
6174,2346
735,587
1045,2172
1527,1668
1608,246
2327,504
2334,285
3126,2157
3519,13068
3913,3434
4049,2659
4423,2144
4906,3380
5046,2028
5084,4883
5321,1424
5877,624
1769,8992
5825,10307
740,5903
817,8916
1057,18825
1202,11179
1630,14823
1812,11052
2200,12877
2930,8984
3137,7764
3951,18299
4055,2400
4067,19072
4627,8316
4926,13719
4955,2600
5228,10308
5455,1776
6159,17907
630,15738
1607,13228
1771,10194
1855,3267
2564,8500
3040,3918
3270,296
4253,8826
4533,13617
4566,5312
4976,11636
5271,10436
5409,3983
5421,10023
5606,16915
5702,19900
476,14635
1179,14624
2208,11277
2696,7984
2718,5592
3662,6711
5708,3912
205,1800
1071,7989
2848,8596
2716,4986
206,1094
5469,10056
207,3744
3092,8787
3225,7557
6183,19480
2567,13001
3150,20280
2352,2096
2386,7671
2388,3337
2800,5779
3409,9548
4332,10012
4705,10780
5090,9416
5632,11720
6376,3759
282,18140
1380,5339
2300,15745
3185,9297
4480,13881
4992,7390
5927,10012
211,7459
1296,22278
1595,13952
2138,14405
3263,5838
3278,18944
3400,8880
4199,4584
5808,18834
6354,3435
4542,10356
2258,1813
213,1500
2587,600
3592,2298
3668,2097
6360,1641
553,13563
267,14455
787,8214
2783,6490
5266,29570
6134,6792
6138,10721
216,4044
678,1500
2992,11476
3380,2409
3903,13530
5795,9105
313,10836
1011,1460
1261,7056
1411,7402
3073,5736
4296,9644
4489,13110
5573,5924
6158,22438
6336,7494
6355,11379
2968,33273
3982,27104
447,4657
795,5704
1665,4480
2437,15212
2614,10176
4101,3316
4360,20004
5165,2336
220,1830
221,51
2315,3644
222,285
3835,3652
223,47
250,14316
256,10728
303,4395
383,10878
385,6708
462,6477
572,16200
605,6740
878,1764
917,9606
944,5616
1099,15067
1112,4053
1173,25458
1251,6464
1436,4928
1538,4100
1563,2994
1589,2892
1700,2391
1754,1206
1768,6774
1964,25320
2301,4028
2341,6312
2365,1387
2367,503
2413,1059
2451,6016
2478,10600
2557,3900
2821,4421
3093,4951
3121,10077
3174,7132
3210,19704
3358,13584
3362,7928
3437,1515
3462,7521
3481,9656
3516,15343
3928,9440
4003,5105
4037,8528
4287,4923
4308,15680
4692,9269
4719,2136
4873,6018
5047,13494
5194,8414
5302,17961
5303,16199
5364,2047
5369,10480
5388,6786
5417,8595
5449,1870
5457,2622
5483,17670
5556,13583
5571,19460
5631,13823
5887,13960
6099,1117
6252,726
6335,2417
6368,4712
579,13444
3620,8712
3637,9640
3974,13608
4404,297
4553,23475
5906,4344
606,14772
692,6634
1422,5412
620,3906
850,4282
943,7780
1226,8916
1257,2122
1609,3606
1673,5712
1820,6624
1903,10627
2118,1780
2153,8469
2585,9136
2601,4974
2826,4869
2970,3936
3204,7115
3241,18176
3255,16667
3539,3054
3845,8859
3857,2199
4007,4233
4142,3638
4174,10307
4830,4425
4851,15687
4969,8176
5239,208
5252,1518
5617,8149
6160,6078
590,59425
1165,5857
2061,12568
3307,1732
4293,11447
505,14862
1977,13445
3641,23862
6291,9800
232,8214
1476,13636
1956,19761
2898,7740
3288,11837
3369,12044
3418,10402
4010,4392
4475,5184
4789,9504
739,8982
785,9981
2137,4040
2349,3336
3187,3944
3944,14949
4130,13072
4570,15256
4609,12044
5517,13643
5521,1712
6120,13167
1076,4515
3783,5643
1293,7617
2058,3525
4442,8929
4917,10603
662,11031
1715,14110
4630,17946
5063,3232
5150,15673
239,604
1574,7431
2387,2064
4424,4239
4846,4897
265,25025
1357,7895
1499,15300
3468,14710
4522,11565
5839,9763
5978,15540
999,9940
3638,19508
4165,13384
5382,8481
246,6712
387,9740
397,4218
3053,2432
3930,15836
4403,6549
4484,2109
4510,2017
4258,1979
5847,8256
526,6072
2679,17696
3081,17812
4740,8504
1655,3712
2280,7548
4529,12367
4835,12857
6201,14244
2227,3933
3295,6596
301,7358
2264,22053
2505,7056
2537,10288
3339,23188
4019,9948
253,11061
3398,7665
3297,4683
3397,6316
5308,12616
5403,1396
259,6984
406,1650
1133,6976
1388,6988
2374,2784
2450,7611
257,11792
3086,6466
3895,4420
4033,9732
4606,7842
4702,6236
643,4040
894,6242
2808,14898
3814,1854
659,6231
3379,13292
4801,4036
6253,6952
1047,2949
2182,16946
2212,11136
4721,22223
261,11119
1332,17300
2022,6392
2608,2356
3054,16557
3540,5024
4430,10515
5288,3083
5365,20352
5375,2874
6282,3111
262,11416
1155,14328
1830,15654
4959,7473
5611,8372
6211,7032
263,5786
939,7942
264,51
336,12068
816,9556
845,8475
884,10574
1043,4959
1314,9734
1931,7360
2057,9608
2149,10913
3290,5216
3617,8611
4515,12552
4777,11168
5730,13860
2096,1326
2855,5191
4107,7749
4967,2409
5594,3814
5747,10600
331,4629
4537,8979
960,9516
5881,18944
502,9532
3568,20736
4778,1656
5516,4608
669,3803
932,9236
1022,2810
1101,4833
1278,2015
1907,2367
2483,4812
3062,1779
3090,3821
3843,10410
3866,4662
4112,24119
4136,7331
4297,2933
4377,5252
4657,3863
5377,4942
5470,4393
1017,11548
1318,13857
6283,5866
3796,3208
4232,1491
4282,3782
5286,3504
5495,3764
275,9453
2161,3527
4929,9976
675,2844
3061,15804
4594,4789
4899,5612
302,3539
1425,7156
1442,12114
2127,6668
2860,16322
3260,5844
4338,10240
5415,4989
5673,8068
507,8168
4968,7043
5512,10851
386,9691
1943,4575
2219,3500
5292,16320
5589,1569
2687,10594
3629,1656
3735,18384
3836,7224
4017,1797
4065,6056
6026,1865
4314,11214
1185,4770
1679,12869
3569,5091
4947,13141
4491,7900
6009,11180
1286,26204
3779,14604
4095,10903
5740,2128
1460,4120
286,1398
287,1941
2027,1500
1998,14226
2064,11105
2767,24731
4077,5173
4326,12616
4591,30461
5835,15363
467,600
1030,926
1160,14724
1193,2612
1649,6144
1877,3637
2932,6366
3582,17925
3859,1032
4748,3132
1086,1794
1309,1067
1551,2428
3679,17439
5805,3280
6294,20526
2642,8620
3588,16734
4453,6492
5707,5376
5990,8884
5494,11391
6243,1959
1718,11670
1780,3344
2251,466
2414,9040
3645,2976
4121,14736
6103,3497
1277,5251
1567,2438
2680,1676
4208,2187
540,8253
1025,17016
1840,7986
2186,3909
2254,11559
2546,1092
3673,1922
3899,10114
4688,6924
5432,11229
5794,6858
1267,13660
1770,4380
1854,766
2039,1205
3301,4644
3771,4155
3870,3501
4089,5284
4826,4997
547,3681
299,1442
3742,948
6309,1074
1067,11241
1273,5125
1479,6908
3037,2914
3585,399
4497,6197
5058,4687
6378,7912
2067,2661
5780,6861
6041,7185
6263,9707
6359,9039
729,4697
4342,6517
4650,2928
1758,8312
3211,7192
5205,3258
304,4727
1008,3928
1632,1536
3929,6257
6059,7224
305,11908
6052,1478
475,3445
306,10563
1265,4359
1350,7124
2160,7956
2645,3541
2757,14581
3557,6438
3652,4179
4030,7296
4592,8672
5167,10689
5453,4743
5590,7298
6304,15468
3203,624
5969,17536
1075,9930
2035,2375
2885,6868
3175,19496
5719,6285
1181,2433
3808,12285
4857,8583
2373,4996
671,1300
2395,9792
5301,300
1557,19497
1755,13156
2302,24344
2660,3585
3514,14357
3607,13020
3791,22748
2566,14338
4331,4843
4398,13341
4739,14412
569,10749
1062,4323
4731,3506
1648,300
2739,798
2998,6609
3028,3377
4209,4846
4776,99
5723,10632
1233,308
2944,2480
635,18535
3556,10671
4028,6432
1405,436
321,461
5671,530
582,744
2738,14914
4406,2904
5697,4662
344,4264
628,4296
1072,12744
4471,16947
4549,5335
5972,10104
2221,480
325,600
3234,300
4915,600
5508,6333
6361,14215
1581,2640
2535,12298
2851,3174
5277,6813
1178,6654
3733,7248
4394,6186
4567,2108
2901,7916
3026,8177
3156,19092
3738,18116
6364,9844
1610,8356
2342,6766
2513,5109
4431,4908
5678,10764
334,300
2244,6390
337,792
4146,6194
4986,6339
722,4712
1206,18634
3095,2524
1342,10459
4557,7785
341,8784
4001,4509
5276,3351
343,402
5416,849
345,230
2216,2024
346,824
6285,7431
6338,2872
1308,4700
3246,3063
4396,6315
5263,4800
1659,6368
2155,5724
4402,567
5177,4977
5654,9852
5745,16009
3680,5685
5732,9484
352,1971
1680,620
2031,2088
5513,14176
5811,1725
357,204
5337,198
2958,2610
5309,8212
360,2532
2817,3517
6312,13352
361,1104
1393,8099
3765,3597
496,3183
1559,8736
1592,6215
2243,8201
3008,8655
3419,2415
5170,3181
5854,5831
888,10192
5041,4610
3135,8106
3272,16952
4289,2502
3562,5896
742,12433
3325,7094
5191,17025
1247,6448
2441,597
2481,5396
1670,4671
559,9115
1647,12617
6088,14943
6151,3431
6168,12256
374,3009
375,768
1371,2259
5586,2892
820,1500
2495,4114
4565,8408
5331,2358
1949,3361
4274,2708
5837,3736
1301,7776
3623,14142
6258,7996
833,9638
2240,2259
1486,3728
1921,3987
4230,3236
1347,16403
2060,14115
2445,3035
5214,8716
5867,8738
1756,4153
2715,14397
2762,4895
3340,13550
4401,1908
5255,300
5553,17593
5701,3000
4105,11088
393,2717
964,3138
2654,10632
1795,459
768,6137
1263,1506
3247,741
3287,4456
6184,3726
1849,6980
1870,6706
2411,7157
4527,11755
509,5516
765,1416
2082,3433
2997,903
3817,8732
4330,4768
5202,4305
5207,9252
5287,8450
401,4173
5451,4608
808,2878
4397,2606
770,2862
2479,3448
3182,3777
4806,2800
5464,7692
3408,7171
3932,3511
840,12340
3360,399
3850,4440
4020,6906
4113,699
5596,12556
5892,8272
1054,10152
4732,6018
2419,8496
2496,1182
4257,10460
6149,11940
2824,7344
3591,4817
4494,5356
6127,16126
4698,4062
5551,3744
5178,13060
2923,4360
422,1336
3305,1369
5864,2377
793,7904
5394,4965
3901,5832
5657,4052
5686,2348
1733,11631
2225,5525
2328,14264
4270,827
6327,7917
478,5259
3764,3829
4476,5808
4586,1821
5108,8283
6286,3993
4550,522
429,1580
4341,656
4558,22444
5891,2369
984,804
1204,8252
1329,1733
4854,1016
484,614
1222,2885
4644,4798
5511,2253
435,3666
2499,453
4971,1584
516,11927
4294,2165
4573,6420
5496,1324
5592,5349
5684,1188
2869,3336
3976,6833
1406,1536
1401,7596
2189,2958
2510,924
2121,1700
5007,6080
6206,5073
6374,3345
1978,7350
3576,4344
774,2864
2703,4111
2841,2070
2947,447
5035,4916
5660,4358
5924,14088
6084,1806
6146,4751
3727,1053
4368,9294
818,3146
3966,6242
2295,3641
4447,8221
5926,20136
1276,10077
3520,15099
5056,4469
2356,15394
3223,519
4185,3432
2539,4515
5979,800
2324,6297
882,3920
2516,12906
4709,3324
5862,591
4241,2144
465,106
6061,1412
2544,5433
4486,4670
2070,12232
2147,492
2714,4641
2972,1903
3649,4251
5282,408
5911,4692
6004,5994
6039,6071
1710,9005
6256,1791
4662,1698
4840,5047
1836,861
4119,1608
491,6444
473,2882
4599,4918
1238,2946
2310,5566
4513,6418
2006,6543
2290,2744
4831,3414
5946,4582
624,4304
2918,4652
3250,5148
4204,6376
480,620
481,1452
3691,300
1010,3855
2110,4026
2593,3859
3104,904
3134,3801
3550,10582
4169,4594
4373,8636
4909,1612
4930,12520
5269,3432
5304,2867
2177,1521
1645,8944
837,1112
3961,1600
490,412
702,1998
972,300
3366,5912
6096,1252
1919,5476
3686,600
4283,16619
2385,5396
1683,2068
4713,4447
6237,2532
5526,544
6345,9124
4508,4211
717,5166
4349,4511
1382,6685
4154,10256
5225,7380
898,2862
2529,11292
3989,4284
503,3023
1109,1652
3917,3602
1829,2124
4904,253
2937,2868
3713,2124
5544,6291
551,1572
506,1132
2792,3799
3813,8631
4601,4809
4744,21276
5034,5013
3948,4536
3323,2898
514,2739
2309,733
515,2408
1601,1749
1723,2210
2788,5408
3728,1486
4939,900
518,2015
2420,1672
5360,4064
5501,3290
1674,5887
5690,2898
6219,9908
623,3114
1156,5593
1140,2684
2555,3904
2726,12697
5793,1671
2761,5578
530,462
1575,8943
1583,3650
922,2020
532,1806
2845,600
3518,970
4153,1199
4521,2084
4877,2568
2949,1233
3064,1919
4219,4492
2259,4773
2530,2418
5138,2242
1386,7879
2677,12668
4646,15910
4278,4559
542,156
1961,6972
3864,8490
1495,2756
1861,932
3414,1596
4234,3860
552,2509
5787,7413
5920,6915
758,5544
2015,798
4841,2406
5600,830
3763,7765
4441,3672
4564,2676
5538,99
5782,857
3532,1392
2633,10243
562,2984
3804,4484
736,5479
3654,8442
4375,1390
4499,4364
2685,8694
4152,4778
4807,498
954,6285
1519,3148
4773,3532
571,1323
5280,1818
5947,900
575,7175
1684,2596
2396,5433
5851,3116
6175,6900
961,664
5791,312
1940,5337
3466,6072
5810,7182
761,6724
6154,2660
2044,5455
3407,1065
2852,2464
593,2420
4643,886
5975,1545
6133,1647
596,2949
2560,9232
5307,2750
3390,10548
3471,2244
3919,6043
4093,1553
4966,6200
6181,3000
5527,3018
3910,1408
3757,6408
2175,3852
2430,780
3450,4788
4775,487
3440,7400
1216,4864
2052,3719
2475,15503
3634,5181
5933,2990
2038,2399
612,474
615,3594
2429,921
6017,5692
1873,1214
2667,1640
6012,3138
5749,882
4426,1636
5875,1656
2674,3872
4502,1144
1776,3428
5123,2175
4552,9776
638,2248
639,99
1892,1186
4597,3948
6209,1299
3172,464
5398,10426
647,1084
2989,3280
3790,5420
4783,5996
5948,5178
3924,6827
5595,913
5872,695
1228,48
1326,618
3512,399
4956,774
1451,1500
656,1668
5779,2292
1705,9531
660,2247
5305,3235
1545,5721
2042,848
1844,104
4202,1579
1333,1360
5137,300
2815,4405
1879,3632
1935,2556
2468,7503
2215,5524
3425,3183
688,935
4127,1320
6248,7008
2625,6357
3893,907
4464,444
2427,2648
5549,2466
5637,287
3041,1236
695,99
697,4328
1617,1809
701,2150
914,1449
2542,104
2960,1616
3505,498
4132,1066
4277,1746
5062,620
5950,300
705,2272
5564,2160
4487,1102
707,2508
5222,0
6296,7688
834,3972
712,964
3324,3812
4433,483
4823,5168
4945,4157
6124,492
1345,1230
5487,7452
721,762
3566,1247
1580,5448
1917,2235
1310,240
1866,2268
2285,1990
2635,1197
3167,920
4545,2865
4767,672
726,2515
1699,162
1980,1959
2719,13623
2948,1200
4027,1137
3586,1212
2202,2602
2926,6480
1367,5192
2919,3435
5914,2347
2246,763
1134,4080
1686,2170
5755,2439
3606,4856
5240,2160
760,54
3199,300
3368,2429
4207,1744
767,2741
5275,10772
771,1714
2376,2541
6018,2346
3117,699
778,284
4009,4277
782,1392
4312,796
5344,876
5362,400
6070,297
2787,1296
4622,714
796,495
813,1095
1524,2404
3128,2108
802,300
803,6326
1828,3362
4247,904
5727,597
4608,1000
2423,195
811,352
5317,1724
3798,908
3853,4124
6348,1613
2790,1652
6240,1695
3333,1424
851,3038
6274,1992
4291,2220
5958,288
1652,8144
3773,700
836,508
2134,3555
2626,1743
5716,5816
5923,4485
3442,2228
844,765
6001,300
6230,630
846,597
1338,104
2887,1435
1260,1159
3646,2707
3292,459
6337,5604
2506,1347
856,300
3934,2517
2731,2009
5547,2176
864,0
1115,4358
3528,5348
6214,1041
5338,3477
6198,867
5801,225
874,414
5281,150
1199,872
2915,747
6362,3100
3197,53
3249,5378
3299,1896
4086,10221
2077,5204
1066,500
3226,3558
5264,4473
1456,2274
905,209
1368,2757
2575,2832
4865,1506
5224,2223
1612,3991
2699,4046
5206,1494
4249,6143
2489,104
1201,1227
3088,827
3696,459
1883,1356
2273,3032
2619,7424
1039,900
1894,700
5444,4581
5524,4955
5814,8525
2931,5448
5212,2354
4991,3262
6249,1537
3747,3136
5126,3384
5274,4670
6236,2820
2785,4062
4880,1724
940,308
2584,465
948,5048
949,225
950,588
2492,1808
1223,2266
5997,300
2854,1023
4924,2580
4987,1332
1743,2699
4913,1395
4603,2844
3416,408
3298,1659
981,900
982,240
2305,4404
3599,1023
2103,2798
4690,3014
5279,629
5115,441
5306,3920
5995,171
995,1041
3832,1340
6334,4139
1321,2304
1685,1200
4005,1149
1004,99
5330,3080
5231,500
3010,2676
1693,3988
1014,900
2394,507
1015,1200
4577,4708
2045,6868
5493,2620
4520,1124
3477,471
1056,825
4781,3459
1028,1924
3329,5212
3815,2128
5371,4312
5893,300
2579,3330
2707,1075
5733,1191
1234,3162
1055,1337
1264,3321
1539,447
5447,800
6152,99
3816,1524
4808,1624
5029,2116
3923,1926
6267,1407
1119,3625
4876,3979
1079,600
1090,449
2106,300
1093,1008
1098,1622
5031,1632
1107,209
4898,3162
2228,1308
3311,704
4819,3204
1125,399
2509,1066
6115,300
1690,2116
3741,2200
2317,2066
4635,304
2214,920
1143,2542
5038,2618
1147,1259
5937,699
5815,1329
1158,300
1159,1439
1161,489
2375,4312
1541,1466
2068,2086
5721,194
5900,1211
1180,1704
1186,518
5781,404
1188,144
2741,2409
2084,100
3581,696
6035,1350
1195,180
4753,399
1196,300
4953,1208
5489,1050
2532,2264
3712,934
3188,1398
1227,441
2697,3720
4018,1500
5504,1197
1235,247
1236,300
3529,1512
1248,300
6064,600
1255,104
1259,1335
4116,908
4631,1386
4891,1872
5894,1749
1727,1038
5838,1121
4825,1197
6329,1200
4156,600
1295,1384
4659,265
3503,2794
3024,3192
6255,2097
5083,406
2748,0
1323,56
1324,204
4503,1803
5333,832
4979,1128
4663,228
1515,588
3415,1040
3269,798
1349,1052
4949,2262
1356,300
4912,224
5273,900
1365,442
2448,1413
4212,1978
5088,1648
2269,1512
4534,735
3186,900
1384,1423
3530,300
4859,624
5142,1998
2383,4095
2833,2832
3614,5184
4660,1956
5934,1665
5932,42
1414,300
1416,553
1707,2564
6022,900
1428,936
1429,300
1430,0
6326,3094
2735,492
2048,1396
2924,300
1600,54
1461,284
2967,600
4070,404
4793,3347
5312,4218
1492,1120
1494,300
1497,3710
5752,320
5922,640
1508,500
2146,448
1512,1170
1521,908
6092,1936
1525,288
1862,1136
3147,1800
2040,1647
2922,645
1530,1732
3666,1304
4735,300
5460,1599
1546,245
5211,605
5832,1599
5050,153
1893,572
6228,2588
3005,515
4517,1512
5400,48
1572,308
4834,2400
1616,1743
1582,446
5869,1869
3812,3314
4942,4100
1615,226
5220,499
5578,1188
3497,1180
5283,0
4231,4172
1646,459
1653,308
1696,788
1691,99
5051,2120
3847,1842
4059,465
4339,2828
2323,1500
1704,897
2816,600
4539,2374
1912,5022
1745,756
3443,522
2755,658
4734,1200
5559,1136
6192,198
1778,104
1781,304
3648,1384
1789,104
5976,304
1791,49
5440,1021
3726,1079
4607,1458
1989,945
3495,600
1841,228
2156,1104
1843,100
1852,217
3181,468
2459,312
4029,569
1975,1527
3964,1372
3214,2228
2218,0
6189,695
3674,1892
2902,436
6302,600
5070,900
5817,1515
2878,792
2884,2671
1934,308
2131,3056
3065,295
5618,1620
4150,527
5379,500
4072,1412
5964,209
3201,285
4178,738
2255,1060
4689,519
2093,300
2023,300
5485,2352
3259,600
5852,1000
4908,759
2664,232
3261,1200
2056,223
3627,99
2071,1536
2087,0
2094,300
5954,600
4147,634
2097,156
2098,1122
5709,3076
2120,812
2125,0
2925,104
5533,855
2627,500
3522,99
2603,1299
2163,231
2166,600
5005,1643
2183,300
2190,450
4197,2290
2203,600
4800,850
6204,600
5951,1500
2252,704
2253,54
3191,819
2278,445
2288,300
4932,1047
3138,597
2313,300
2329,226
6190,770
3941,300
2372,54
2382,600
5491,453
5376,900
5714,604
5580,712
6245,500
2456,600
2455,129
2533,700
2460,320
3633,1208
2528,907
2858,300
3731,619
2508,0
6271,238
2520,538
4432,900
5291,1262
5236,328
3461,359
3675,1560
4902,247
2572,0
2581,300
5621,0
5478,900
2880,447
3589,500
3786,1012
5874,100
2691,104
2694,300
3395,804
2784,900
5717,437
2945,699
6036,538
2861,404
3483,97
5771,1307
6314,1457
6016,752
2996,48
5883,1938
2953,100
2957,1792
4610,699
3465,503
3971,2292
5169,444
3017,604
4256,104
4507,153
5502,44
3043,430
5827,1428
6051,300
3069,99
5322,104
3103,104
4860,99
3703,204
5919,804
3125,1041
4615,0
5655,99
3920,404
5310,284
6180,441
6353,99
3208,300
3238,138
5436,1483
3336,828
4198,300
4223,617
5071,300
3346,529
4378,820
3387,104
5909,1059
3406,99
6179,234
4081,404
3428,144
4951,608
5635,885
3460,404
5628,174
5426,104
5718,2021
4786,144
6373,1039
4667,429
3639,104
4896,466
4074,592
4722,99
6097,99
5235,399
5945,392
3748,390
3906,159
6324,224
4418,724
5812,747
4333,51
5615,288
4044,220
4134,798
4073,1065
4084,100
4149,500
5419,51
4167,296
4271,96
6377,300
4310,243
4386,500
4498,300
4548,414
4850,46
4682,316
4691,300
5067,0
5738,300
5603,600
5184,99
4868,104
6112,99
4954,300
5756,230
5535,239
6047,0
5341,216
5971,600
5859,300
5770,42
6193,300
